No,회사,제목,지역,상세보기
1,칠갑농산(주),인크루트 공고제목:조리사,충남 청양군,https://job.incruit.com/jobdb_info/jobpost.asp?job=2607060005383&src=etc*search
2,제천우석요양병원,인크루트 공고제목:조리사,충북 제천시,https://job.incruit.com/jobdb_info/jobpost.asp?job=2607090003619&src=etc*search
3,보람병원,인크루트 공고제목:조리사,인천 계양구,https://job.incruit.com/jobdb_info/jobpost.asp?job=2606260002777&src=etc*search
4,숲속유치원,인크루트 공고제목:조리사 모집,경남 통영시,https://job.incruit.com/jobdb_info/jobpost.asp?job=2607070004726&src=etc*search
5,경기남부경찰청어린이집,인크루트 공고제목:조리사 구인,경기 수원시 장안구,https://job.incruit.com/jobdb_info/jobpost.asp?job=2607010003594&src=etc*search
6,강릉율곡병원,"인크루트 공고제목:조리사, 조리원 구인",강원 강릉시,https://job.incruit.com/jobdb_info/jobpost.asp?job=2607020003776&src=etc*search
7,밀알유치원,인크루트 공고제목:조리사 구인,인천 계양구,https://job.incruit.com/jobdb_info/jobpost.asp?job=2606260001668&src=etc*search
8,리라어린이집,인크루트 공고제목:조리사 구인,경북 구미시,https://job.incruit.com/jobdb_info/jobpost.asp?job=2607030004325&src=etc*search
9,한솔정형외과내과의원,"인크루트 공고제목:조리원, 조리사 채용",전북 전주시 완산구,https://job.incruit.com/jobdb_info/jobpost.asp?job=2607060003338&src=etc*search
10,구립계양해링턴어린이집,인크루트 공고제목:조리사 구인,인천 계양구,https://job.incruit.com/jobdb_info/jobpost.asp?job=2606300002066&src=etc*search
11,색종이어린이집,인크루트 공고제목:조리사 모집,경기 군포시,https://job.incruit.com/jobdb_info/jobpost.asp?job=2607020004622&src=etc*search
12,노리숲어린이집,인크루트 공고제목:조리사 채용,전남 순천시,https://job.incruit.com/jobdb_info/jobpost.asp?job=2607080003226&src=etc*search
13,고려수재활병원,인크루트 공고제목:조리사 구인,경기 부천시 원미구,https://job.incruit.com/jobdb_info/jobpost.asp?job=2607060003427&src=etc*search
14,해바라기몬테소리스쿨어린이집,인크루트 공고제목:조리사 모집,경북 경산시,https://job.incruit.com/jobdb_info/jobpost.asp?job=2607060004431&src=etc*search
15,석촌유치원,인크루트 공고제목:조리사 채용안내,서울 송파구,https://job.incruit.com/jobdb_info/jobpost.asp?job=2606250002411&src=etc*search
16,시립동백어린이집,인크루트 공고제목:조리사 채용공고,경기 용인시 기흥구,https://job.incruit.com/jobdb_info/jobpost.asp?job=2607030004095&src=etc*search
17,효성유치원,인크루트 공고제목:유치원조리사,경북 포항시 남구,https://job.incruit.com/jobdb_info/jobpost.asp?job=2607090002364&src=etc*search
18,로뎀요양병원,인크루트 공고제목:병원 급식 조리사,인천 미추홀구,https://job.incruit.com/jobdb_info/jobpost.asp?job=2607030004500&src=etc*search
19,모심푸드필룩스,인크루트 공고제목:구내식당 조리사,경기 양주시,https://job.incruit.com/jobdb_info/jobpost.asp?job=2606300004437&src=etc*search
20,공군오산기지어린이집,인크루트 공고제목:조리사 채용,경기 평택시,https://job.incruit.com/jobdb_info/jobpost.asp?job=2607090001167&src=etc*search
21,순흥어린이집,인크루트 공고제목:어린이집 조리사,경북 영주시,https://job.incruit.com/jobdb_info/jobpost.asp?job=2607070004762&src=etc*search
22,27사단 Daycare27 어린이집,인크루트 공고제목:보조 조리사모집,강원 화천군,https://job.incruit.com/jobdb_info/jobpost.asp?job=2607030001691&src=etc*search
23,의료법인다솔의료재단늘푸른요양병원,"인크루트 공고제목:조리사, 조리원 모집",충남 아산시,https://job.incruit.com/jobdb_info/jobpost.asp?job=2607010003157&src=etc*search
24,시립미리별어린이집,인크루트 공고제목:조리사 구합니다,경기 남양주시,https://job.incruit.com/jobdb_info/jobpost.asp?job=2607080003349&src=etc*search
25,유지재단동안교회,인크루트 공고제목:부조리사&amp;조리사보조,서울 동대문구,https://job.incruit.com/jobdb_info/jobpost.asp?job=2607090001403&src=etc*search
26,(주)케이푸드테크날러지,인크루트 공고제목:조리사(조리실장님) 모집,경북 성주군,https://job.incruit.com/jobdb_info/jobpost.asp?job=2606300001484&src=etc*search
27,스마튼병원,인크루트 공고제목:스마튼병원 정형외과 조리사 구인(★조리사 자격증 필수★),경기 부천시 원미구,https://job.incruit.com/jobdb_info/jobpost.asp?job=2607090002405&src=etc*search
28,다나움요양병원,인크루트 공고제목:조리사 모집공고,서울 송파구,https://job.incruit.com/jobdb_info/jobpost.asp?job=2607060000545&src=etc*search
29,구립 퍼스티어라별어린이집,인크루트 공고제목:보조조리사 모집,서울 강남구,https://job.incruit.com/jobdb_info/jobpost.asp?job=2607030003325&src=etc*search
30,10년 공동체(숲나-플레10년),인크루트 공고제목:급식 조리사 채용,서울 서초구,https://job.incruit.com/jobdb_info/jobpost.asp?job=2607010004078&src=etc*search
31,칠갑농산(주),인크루트 공고제목:조리사,충남 청양군,https://job.incruit.com/jobdb_info/jobpost.asp?job=2607060005383&src=etc*search
32,제천우석요양병원,인크루트 공고제목:조리사,충북 제천시,https://job.incruit.com/jobdb_info/jobpost.asp?job=2607090003619&src=etc*search
33,보람병원,인크루트 공고제목:조리사,인천 계양구,https://job.incruit.com/jobdb_info/jobpost.asp?job=2606260002777&src=etc*search
34,숲속유치원,인크루트 공고제목:조리사 모집,경남 통영시,https://job.incruit.com/jobdb_info/jobpost.asp?job=2607070004726&src=etc*search
35,경기남부경찰청어린이집,인크루트 공고제목:조리사 구인,경기 수원시 장안구,https://job.incruit.com/jobdb_info/jobpost.asp?job=2607010003594&src=etc*search
36,강릉율곡병원,"인크루트 공고제목:조리사, 조리원 구인",강원 강릉시,https://job.incruit.com/jobdb_info/jobpost.asp?job=2607020003776&src=etc*search
37,밀알유치원,인크루트 공고제목:조리사 구인,인천 계양구,https://job.incruit.com/jobdb_info/jobpost.asp?job=2606260001668&src=etc*search
38,리라어린이집,인크루트 공고제목:조리사 구인,경북 구미시,https://job.incruit.com/jobdb_info/jobpost.asp?job=2607030004325&src=etc*search
39,한솔정형외과내과의원,"인크루트 공고제목:조리원, 조리사 채용",전북 전주시 완산구,https://job.incruit.com/jobdb_info/jobpost.asp?job=2607060003338&src=etc*search
40,구립계양해링턴어린이집,인크루트 공고제목:조리사 구인,인천 계양구,https://job.incruit.com/jobdb_info/jobpost.asp?job=2606300002066&src=etc*search
41,색종이어린이집,인크루트 공고제목:조리사 모집,경기 군포시,https://job.incruit.com/jobdb_info/jobpost.asp?job=2607020004622&src=etc*search
42,노리숲어린이집,인크루트 공고제목:조리사 채용,전남 순천시,https://job.incruit.com/jobdb_info/jobpost.asp?job=2607080003226&src=etc*search
43,고려수재활병원,인크루트 공고제목:조리사 구인,경기 부천시 원미구,https://job.incruit.com/jobdb_info/jobpost.asp?job=2607060003427&src=etc*search
44,해바라기몬테소리스쿨어린이집,인크루트 공고제목:조리사 모집,경북 경산시,https://job.incruit.com/jobdb_info/jobpost.asp?job=2607060004431&src=etc*search
45,석촌유치원,인크루트 공고제목:조리사 채용안내,서울 송파구,https://job.incruit.com/jobdb_info/jobpost.asp?job=2606250002411&src=etc*search
46,시립동백어린이집,인크루트 공고제목:조리사 채용공고,경기 용인시 기흥구,https://job.incruit.com/jobdb_info/jobpost.asp?job=2607030004095&src=etc*search
47,효성유치원,인크루트 공고제목:유치원조리사,경북 포항시 남구,https://job.incruit.com/jobdb_info/jobpost.asp?job=2607090002364&src=etc*search
48,로뎀요양병원,인크루트 공고제목:병원 급식 조리사,인천 미추홀구,https://job.incruit.com/jobdb_info/jobpost.asp?job=2607030004500&src=etc*search
49,모심푸드필룩스,인크루트 공고제목:구내식당 조리사,경기 양주시,https://job.incruit.com/jobdb_info/jobpost.asp?job=2606300004437&src=etc*search
50,공군오산기지어린이집,인크루트 공고제목:조리사 채용,경기 평택시,https://job.incruit.com/jobdb_info/jobpost.asp?job=2607090001167&src=etc*search
51,순흥어린이집,인크루트 공고제목:어린이집 조리사,경북 영주시,https://job.incruit.com/jobdb_info/jobpost.asp?job=2607070004762&src=etc*search
52,27사단 Daycare27 어린이집,인크루트 공고제목:보조 조리사모집,강원 화천군,https://job.incruit.com/jobdb_info/jobpost.asp?job=2607030001691&src=etc*search
53,의료법인다솔의료재단늘푸른요양병원,"인크루트 공고제목:조리사, 조리원 모집",충남 아산시,https://job.incruit.com/jobdb_info/jobpost.asp?job=2607010003157&src=etc*search
54,시립미리별어린이집,인크루트 공고제목:조리사 구합니다,경기 남양주시,https://job.incruit.com/jobdb_info/jobpost.asp?job=2607080003349&src=etc*search
55,유지재단동안교회,인크루트 공고제목:부조리사&amp;조리사보조,서울 동대문구,https://job.incruit.com/jobdb_info/jobpost.asp?job=2607090001403&src=etc*search
56,(주)케이푸드테크날러지,인크루트 공고제목:조리사(조리실장님) 모집,경북 성주군,https://job.incruit.com/jobdb_info/jobpost.asp?job=2606300001484&src=etc*search
57,스마튼병원,인크루트 공고제목:스마튼병원 정형외과 조리사 구인(★조리사 자격증 필수★),경기 부천시 원미구,https://job.incruit.com/jobdb_info/jobpost.asp?job=2607090002405&src=etc*search
58,다나움요양병원,인크루트 공고제목:조리사 모집공고,서울 송파구,https://job.incruit.com/jobdb_info/jobpost.asp?job=2607060000545&src=etc*search
59,구립 퍼스티어라별어린이집,인크루트 공고제목:보조조리사 모집,서울 강남구,https://job.incruit.com/jobdb_info/jobpost.asp?job=2607030003325&src=etc*search
60,10년 공동체(숲나-플레10년),인크루트 공고제목:급식 조리사 채용,서울 서초구,https://job.incruit.com/jobdb_info/jobpost.asp?job=2607010004078&src=etc*search
61,"
                            (주)미셸푸드                        ",사람인 공고제목:[병원F&B]시설관리/운영지원/영양사/조리사/제빵사/바리스타,서울 서초구,https://www.saramin.co.kr/zf_user/jobs/relay/view?view_type=search&rec_idx=54201216&location=ts&searchword=%EC%A1%B0%EB%A6%AC%EC%82%AC&searchType=search&paid_fl=n&search_uuid=580f06f1-f216-489d-b2ff-68a184a187c7
62,"
                            씨제이프레시웨이(주)                        ",사람인 공고제목:[CJ프레시웨이] 26년 하반기 조리사 신입인턴 공개채용,서울 마포구,https://www.saramin.co.kr/zf_user/jobs/relay/view?view_type=search&rec_idx=54419664&location=ts&searchword=%EC%A1%B0%EB%A6%AC%EC%82%AC&searchType=search&paid_fl=n&search_uuid=580f06f1-f216-489d-b2ff-68a184a187c7
63,"
                            (주)파인비치                        ",사람인 공고제목:㈜파인비치 홀서빙/경기팀/조리사 채용,전남 해남군,https://www.saramin.co.kr/zf_user/jobs/relay/view?view_type=search&rec_idx=54346575&location=ts&searchword=%EC%A1%B0%EB%A6%AC%EC%82%AC&searchType=search&paid_fl=n&search_uuid=580f06f1-f216-489d-b2ff-68a184a187c7
64,"
                            캐논코리아 주식회사                        ",사람인 공고제목:[캐논코리아 주식회사] 직장 어린이집 조리사 채용,경기 안산시,https://www.saramin.co.kr/zf_user/jobs/relay/view?view_type=search&rec_idx=54353129&location=ts&searchword=%EC%A1%B0%EB%A6%AC%EC%82%AC&searchType=search&paid_fl=n&search_uuid=580f06f1-f216-489d-b2ff-68a184a187c7
65,"
                            (주)현대그린푸드                        ",사람인 공고제목:더현대서울 푸드코트) 정규직 조리사 채용,서울 영등포구,https://www.saramin.co.kr/zf_user/jobs/relay/view?view_type=search&rec_idx=54346081&location=ts&searchword=%EC%A1%B0%EB%A6%AC%EC%82%AC&searchType=search&paid_fl=n&search_uuid=580f06f1-f216-489d-b2ff-68a184a187c7
66,"
                            (주)쥬비스다이어트                        ",사람인 공고제목:푸드공장 조리사 채용,서울 양천구,https://www.saramin.co.kr/zf_user/jobs/relay/view?view_type=search&rec_idx=54345608&location=ts&searchword=%EC%A1%B0%EB%A6%AC%EC%82%AC&searchType=search&paid_fl=n&search_uuid=580f06f1-f216-489d-b2ff-68a184a187c7
67,"
                            (의)혜광의료재단                        ","사람인 공고제목:[의료재단]26년 하반기 조리사 채용공고(청주,신탄진,세종)",충북 청주시 서원구,https://www.saramin.co.kr/zf_user/jobs/relay/view?view_type=search&rec_idx=54417321&location=ts&searchword=%EC%A1%B0%EB%A6%AC%EC%82%AC&searchType=search&paid_fl=n&search_uuid=580f06f1-f216-489d-b2ff-68a184a187c7
68,"
                            제이제이케터링(주)                        ",사람인 공고제목:조리사 채용 [서울대병원 직원식당],서울 종로구,https://www.saramin.co.kr/zf_user/jobs/relay/view?view_type=search&rec_idx=54313568&location=ts&searchword=%EC%A1%B0%EB%A6%AC%EC%82%AC&searchType=search&paid_fl=n&search_uuid=580f06f1-f216-489d-b2ff-68a184a187c7
69,"
                            넥스트다이닝주식회사                        ",사람인 공고제목:[롯데백화점 광복점] 나가사키 조리사협회 기술협력[타쿠미][조리부],부산 중구,https://www.saramin.co.kr/zf_user/jobs/relay/view?view_type=search&rec_idx=54360337&location=ts&searchword=%EC%A1%B0%EB%A6%AC%EC%82%AC&searchType=search&paid_fl=n&search_uuid=580f06f1-f216-489d-b2ff-68a184a187c7
70,"
                            (주)에이프로코리아                        ",사람인 공고제목:(1인 기숙사)CJ프레시웨이 외식 조리원/조리사/식음료홀,경남 거제시,https://www.saramin.co.kr/zf_user/jobs/relay/view?view_type=search&rec_idx=54303200&location=ts&searchword=%EC%A1%B0%EB%A6%AC%EC%82%AC&searchType=search&paid_fl=n&search_uuid=580f06f1-f216-489d-b2ff-68a184a187c7
71,"
                            (주)에이프로코리아                        ",사람인 공고제목:국제학교 단체급식 조리실장/조리사/반찬조리사/제빵사,서울 서초구,https://www.saramin.co.kr/zf_user/jobs/relay/view?view_type=search&rec_idx=54394506&location=ts&searchword=%EC%A1%B0%EB%A6%AC%EC%82%AC&searchType=search&paid_fl=n&search_uuid=580f06f1-f216-489d-b2ff-68a184a187c7
72,"
                            (주)에이프로코리아                        ",사람인 공고제목:(1인 기숙사)CJ프레시웨이 외식 조리원/조리사/식음료홀서비스,경기 용인시 처인구,https://www.saramin.co.kr/zf_user/jobs/relay/view?view_type=search&rec_idx=54394302&location=ts&searchword=%EC%A1%B0%EB%A6%AC%EC%82%AC&searchType=search&paid_fl=n&search_uuid=580f06f1-f216-489d-b2ff-68a184a187c7
73,"
                            (주)에이프로코리아                        ",사람인 공고제목:(1인 기숙사)CJ프레시웨이 외식 식음료홀/조리사/조리원,경북 청도군,https://www.saramin.co.kr/zf_user/jobs/relay/view?view_type=search&rec_idx=54393921&location=ts&searchword=%EC%A1%B0%EB%A6%AC%EC%82%AC&searchType=search&paid_fl=n&search_uuid=580f06f1-f216-489d-b2ff-68a184a187c7
74,"
                            (주)에스엔피                        ",사람인 공고제목:창원 성산구 지역 단체 급식 조리사 모집(3개월 단기),경남 창원시 성산구,https://www.saramin.co.kr/zf_user/jobs/relay/view?view_type=search&rec_idx=54383615&location=ts&searchword=%EC%A1%B0%EB%A6%AC%EC%82%AC&searchType=search&paid_fl=n&search_uuid=580f06f1-f216-489d-b2ff-68a184a187c7
75,"
                            포항공과대학교복지회                        ",사람인 공고제목:[포항공과대학교 복지회]교내 더블루힐식당 조리사 채용공고,경북 포항시 남구,https://www.saramin.co.kr/zf_user/jobs/relay/view?view_type=search&rec_idx=54415583&location=ts&searchword=%EC%A1%B0%EB%A6%AC%EC%82%AC&searchType=search&paid_fl=n&search_uuid=580f06f1-f216-489d-b2ff-68a184a187c7
76,"
                            해비치호텔앤드리조트(주)                        ",사람인 공고제목:[현대차그룹] 해비치호텔 단체급식 영양사 · 조리사 통합 채용,서울 용산구,https://www.saramin.co.kr/zf_user/jobs/relay/view?view_type=search&rec_idx=54396288&location=ts&searchword=%EC%A1%B0%EB%A6%AC%EC%82%AC&searchType=search&paid_fl=n&search_uuid=580f06f1-f216-489d-b2ff-68a184a187c7
77,"
                            (주)아워홈                        ",사람인 공고제목:한화그룹 아워홈 식재사업부 조리사(광주 북구) 경력직 채용,광주 북구,https://www.saramin.co.kr/zf_user/jobs/relay/view?view_type=search&rec_idx=54410523&location=ts&searchword=%EC%A1%B0%EB%A6%AC%EC%82%AC&searchType=search&paid_fl=n&search_uuid=580f06f1-f216-489d-b2ff-68a184a187c7
78,"
                            (주)현대그린푸드                        ",사람인 공고제목:충청 푸드코트) 정규직 조리사 채용,충북 청주시 흥덕구,https://www.saramin.co.kr/zf_user/jobs/relay/view?view_type=search&rec_idx=54346034&location=ts&searchword=%EC%A1%B0%EB%A6%AC%EC%82%AC&searchType=search&paid_fl=n&search_uuid=580f06f1-f216-489d-b2ff-68a184a187c7
79,"
                            (주)현대그린푸드                        ",사람인 공고제목:[현대그린푸드] EATALY 무역점 신입/경력 조리사 모집,서울 강남구,https://www.saramin.co.kr/zf_user/jobs/relay/view?view_type=search&rec_idx=54366075&location=ts&searchword=%EC%A1%B0%EB%A6%AC%EC%82%AC&searchType=search&paid_fl=n&search_uuid=580f06f1-f216-489d-b2ff-68a184a187c7
80,"
                            (주)동원홈푸드                        ",사람인 공고제목:(주)동원홈푸드 부산광역시 조리사 구인,부산 강서구,https://www.saramin.co.kr/zf_user/jobs/relay/view?view_type=search&rec_idx=54345312&location=ts&searchword=%EC%A1%B0%EB%A6%AC%EC%82%AC&searchType=search&paid_fl=n&search_uuid=580f06f1-f216-489d-b2ff-68a184a187c7
81,"
                            (주)동원홈푸드                        ",사람인 공고제목:[동원홈푸드] 경기도 화성시 정남면 단체급식 조리사,경기 화성시,https://www.saramin.co.kr/zf_user/jobs/relay/view?view_type=search&rec_idx=54374835&location=ts&searchword=%EC%A1%B0%EB%A6%AC%EC%82%AC&searchType=search&paid_fl=n&search_uuid=580f06f1-f216-489d-b2ff-68a184a187c7
82,"
                            (주)동원홈푸드                        ",사람인 공고제목:[동원홈푸드] 여의도 단체급식 조리사 구인,서울 서초구,https://www.saramin.co.kr/zf_user/jobs/relay/view?view_type=search&rec_idx=54408907&location=ts&searchword=%EC%A1%B0%EB%A6%AC%EC%82%AC&searchType=search&paid_fl=n&search_uuid=580f06f1-f216-489d-b2ff-68a184a187c7
83,"
                            (주)동원홈푸드                        ",사람인 공고제목:[대구 북구] 동원홈푸드 병원 경력 조리사 채용합니다.,대구 북구,https://www.saramin.co.kr/zf_user/jobs/relay/view?view_type=search&rec_idx=54425024&location=ts&searchword=%EC%A1%B0%EB%A6%AC%EC%82%AC&searchType=search&paid_fl=n&search_uuid=580f06f1-f216-489d-b2ff-68a184a187c7
84,"
                            (주)풀무원푸드앤컬처                        ",사람인 공고제목:풀무원푸드앤컬처 전북지역 군부대 조리사 모집,전북 전주시 덕진구,https://www.saramin.co.kr/zf_user/jobs/relay/view?view_type=search&rec_idx=54312725&location=ts&searchword=%EC%A1%B0%EB%A6%AC%EC%82%AC&searchType=search&paid_fl=n&search_uuid=580f06f1-f216-489d-b2ff-68a184a187c7
85,"
                            (주)풀무원푸드앤컬처                        ",사람인 공고제목:풀무원푸드앤컬처 직원식당 조리사(춘천),강원 춘천시,https://www.saramin.co.kr/zf_user/jobs/relay/view?view_type=search&rec_idx=54397413&location=ts&searchword=%EC%A1%B0%EB%A6%AC%EC%82%AC&searchType=search&paid_fl=n&search_uuid=580f06f1-f216-489d-b2ff-68a184a187c7
86,"
                            (주)풀무원푸드앤컬처                        ",사람인 공고제목:풀무원푸드앤컬처 직원식당 조리사(서울지역),서울 강남구,https://www.saramin.co.kr/zf_user/jobs/relay/view?view_type=search&rec_idx=54397705&location=ts&searchword=%EC%A1%B0%EB%A6%AC%EC%82%AC&searchType=search&paid_fl=n&search_uuid=580f06f1-f216-489d-b2ff-68a184a187c7
87,"
                            (주)풀무원푸드앤컬처                        ","사람인 공고제목:풀무원푸드앤컬처 경기(오산, 화성, 용인) 조리사 채용 건",서울 송파구,https://www.saramin.co.kr/zf_user/jobs/relay/view?view_type=search&rec_idx=54404343&location=ts&searchword=%EC%A1%B0%EB%A6%AC%EC%82%AC&searchType=search&paid_fl=n&search_uuid=580f06f1-f216-489d-b2ff-68a184a187c7
88,"
                            해비치호텔앤드리조트(주)                        ",사람인 공고제목:[해비치호텔앤드리조트] 해비치CC(골프장) 조리사 채용,제주 서귀포시,https://www.saramin.co.kr/zf_user/jobs/relay/view?view_type=search&rec_idx=54383216&location=ts&searchword=%EC%A1%B0%EB%A6%AC%EC%82%AC&searchType=search&paid_fl=n&search_uuid=580f06f1-f216-489d-b2ff-68a184a187c7
89,"
                            (주)휴먼코아                        ",사람인 공고제목:(주5일/14시퇴근/마포공덕역부근)마포종합사회복지관 조리사,서울 마포구,https://www.saramin.co.kr/zf_user/jobs/relay/view?view_type=search&rec_idx=54377121&location=ts&searchword=%EC%A1%B0%EB%A6%AC%EC%82%AC&searchType=search&paid_fl=n&search_uuid=580f06f1-f216-489d-b2ff-68a184a187c7
90,"
                            아난티 펜트하우스                        ","사람인 공고제목:[기숙사지원] 아난티코드 리조트, CC 조리사 정규직",경기 가평군,https://www.saramin.co.kr/zf_user/jobs/relay/view?view_type=search&rec_idx=54272164&location=ts&searchword=%EC%A1%B0%EB%A6%AC%EC%82%AC&searchType=search&paid_fl=n&search_uuid=580f06f1-f216-489d-b2ff-68a184a187c7
91,"
                            신대일페이퍼(주)                        ",사람인 공고제목:[식당조리사] 연수원 조리사 채용 공고,대구 동구,https://www.saramin.co.kr/zf_user/jobs/relay/view?view_type=search&rec_idx=54292064&location=ts&searchword=%EC%A1%B0%EB%A6%AC%EC%82%AC&searchType=search&paid_fl=n&search_uuid=580f06f1-f216-489d-b2ff-68a184a187c7
92,"
                            (주)삼구에프에스                        ",사람인 공고제목:신세계 백화점 센텀시티점 (삼구에프에스) 직원식당 조리사 채용,부산 해운대구,https://www.saramin.co.kr/zf_user/jobs/relay/view?view_type=search&rec_idx=54313035&location=ts&searchword=%EC%A1%B0%EB%A6%AC%EC%82%AC&searchType=search&paid_fl=n&search_uuid=580f06f1-f216-489d-b2ff-68a184a187c7
93,"
                            (주)엘에스씨푸드                        ",사람인 공고제목:[엘에스씨푸드] 대일외고 단체급식 정규직 조리사 모집,서울 성북구,https://www.saramin.co.kr/zf_user/jobs/relay/view?view_type=search&rec_idx=54376156&location=ts&searchword=%EC%A1%B0%EB%A6%AC%EC%82%AC&searchType=search&paid_fl=n&search_uuid=580f06f1-f216-489d-b2ff-68a184a187c7
94,"
                            (주)엘에스씨푸드                        ",사람인 공고제목:[엘에스씨푸드] 충북 음성 동진산업 단체급식 조리사 모집.,충북 음성군,https://www.saramin.co.kr/zf_user/jobs/relay/view?view_type=search&rec_idx=54405683&location=ts&searchword=%EC%A1%B0%EB%A6%AC%EC%82%AC&searchType=search&paid_fl=n&search_uuid=580f06f1-f216-489d-b2ff-68a184a187c7
95,"
                            대한항공씨앤디서비스(주)                        ",사람인 공고제목:[대한항공 C&D] 기내식 조리사 체험형 인턴 채용,서울 강서구,https://www.saramin.co.kr/zf_user/jobs/relay/view?view_type=search&rec_idx=54105230&location=ts&searchword=%EC%A1%B0%EB%A6%AC%EC%82%AC&searchType=search&paid_fl=n&search_uuid=580f06f1-f216-489d-b2ff-68a184a187c7
96,"
                            사조푸디스트(주)                        ",사람인 공고제목:[사조푸디스트] 단체급식 사업장 조리사 모집 (부산 서구),서울 용산구,https://www.saramin.co.kr/zf_user/jobs/relay/view?view_type=search&rec_idx=54180835&location=ts&searchword=%EC%A1%B0%EB%A6%AC%EC%82%AC&searchType=search&paid_fl=n&search_uuid=580f06f1-f216-489d-b2ff-68a184a187c7
97,"
                            사조푸디스트(주)                        ",사람인 공고제목:[사조푸디스트] 단체급식 지원 조리사 모집, 서울전체,https://www.saramin.co.kr/zf_user/jobs/relay/view?view_type=search&rec_idx=54351501&location=ts&searchword=%EC%A1%B0%EB%A6%AC%EC%82%AC&searchType=search&paid_fl=n&search_uuid=580f06f1-f216-489d-b2ff-68a184a187c7
98,"
                            사조푸디스트(주)                        ",사람인 공고제목:[사조푸디스트] 단체급식 사업장 조리사 모집 (포항 남구),서울 용산구,https://www.saramin.co.kr/zf_user/jobs/relay/view?view_type=search&rec_idx=54353182&location=ts&searchword=%EC%A1%B0%EB%A6%AC%EC%82%AC&searchType=search&paid_fl=n&search_uuid=580f06f1-f216-489d-b2ff-68a184a187c7
99,"
                            사조푸디스트(주)                        ",사람인 공고제목:[사조푸디스트] 단체급식 사업장 조리사 모집 (강원 원주), 서울전체,https://www.saramin.co.kr/zf_user/jobs/relay/view?view_type=search&rec_idx=54405925&location=ts&searchword=%EC%A1%B0%EB%A6%AC%EC%82%AC&searchType=search&paid_fl=n&search_uuid=580f06f1-f216-489d-b2ff-68a184a187c7
100,"
                            사조푸디스트(주)                        ",사람인 공고제목:[사조푸디스트] 단체급식 사업장 조리사 모집 (인천 중구),서울 용산구,https://www.saramin.co.kr/zf_user/jobs/relay/view?view_type=search&rec_idx=54406084&location=ts&searchword=%EC%A1%B0%EB%A6%AC%EC%82%AC&searchType=search&paid_fl=n&search_uuid=580f06f1-f216-489d-b2ff-68a184a187c7
101,"
                            사조푸디스트(주)                        ",사람인 공고제목:[사조푸디스트] 단체급식 사업장 조리사 모집 (서울),서울 용산구,https://www.saramin.co.kr/zf_user/jobs/relay/view?view_type=search&rec_idx=54406110&location=ts&searchword=%EC%A1%B0%EB%A6%AC%EC%82%AC&searchType=search&paid_fl=n&search_uuid=ceb8090a-7891-45b7-9eb5-963617ab369b
102,"
                            ㈜라비돌                        ","사람인 공고제목:[라비돌호텔]경영관리,마케팅실장 ,조리사",경기 화성시,https://www.saramin.co.kr/zf_user/jobs/relay/view?view_type=search&rec_idx=54108264&location=ts&searchword=%EC%A1%B0%EB%A6%AC%EC%82%AC&searchType=search&paid_fl=n&search_uuid=ceb8090a-7891-45b7-9eb5-963617ab369b
103,"
                            코오롱글로벌(주)                        ","사람인 공고제목:코오롱글로벌 레저사업본부 코오롱호텔 조리사,프론트 직원 채용",경북 경주시,https://www.saramin.co.kr/zf_user/jobs/relay/view?view_type=search&rec_idx=54192357&location=ts&searchword=%EC%A1%B0%EB%A6%AC%EC%82%AC&searchType=search&paid_fl=n&search_uuid=ceb8090a-7891-45b7-9eb5-963617ab369b
104,"
                            (학)동아학숙                        ",사람인 공고제목:동아대학교대신병원 조리사 채용,부산 서구,https://www.saramin.co.kr/zf_user/jobs/relay/view?view_type=search&rec_idx=54416024&location=ts&searchword=%EC%A1%B0%EB%A6%AC%EC%82%AC&searchType=search&paid_fl=n&search_uuid=ceb8090a-7891-45b7-9eb5-963617ab369b
105,"
                            한국보훈복지의료공단                        ",사람인 공고제목:[광주보훈병원] 정규직-무기계약직 업무지원직(조리사) 채용,광주 광산구,https://www.saramin.co.kr/zf_user/jobs/relay/view?view_type=search&rec_idx=54376344&location=ts&searchword=%EC%A1%B0%EB%A6%AC%EC%82%AC&searchType=search&paid_fl=n&search_uuid=ceb8090a-7891-45b7-9eb5-963617ab369b
106,"
                            (주)사람인에이치에스                        ",사람인 공고제목:[대기업 계열사/F&B] 양식 조리사 정규직 채용,서울 중구,https://www.saramin.co.kr/zf_user/jobs/relay/view?view_type=search&rec_idx=54205089&location=ts&searchword=%EC%A1%B0%EB%A6%AC%EC%82%AC&searchType=search&paid_fl=n&search_uuid=ceb8090a-7891-45b7-9eb5-963617ab369b
107,"
                            (주)트라이얼코리아                        ",사람인 공고제목:[(주)트라이얼코리아] 푸드리테일부 조리사 채용(광양점),전남 광양시,https://www.saramin.co.kr/zf_user/jobs/relay/view?view_type=search&rec_idx=54349858&location=ts&searchword=%EC%A1%B0%EB%A6%AC%EC%82%AC&searchType=search&paid_fl=n&search_uuid=ceb8090a-7891-45b7-9eb5-963617ab369b
108,"
                            (주)트라이얼코리아                        ",사람인 공고제목:[(주)트라이얼코리아] 센트럴키친 기장점 조리사 채용,부산 기장군,https://www.saramin.co.kr/zf_user/jobs/relay/view?view_type=search&rec_idx=54063366&location=ts&searchword=%EC%A1%B0%EB%A6%AC%EC%82%AC&searchType=search&paid_fl=n&search_uuid=ceb8090a-7891-45b7-9eb5-963617ab369b
109,"
                            의료법인 서명의료재단                        ",사람인 공고제목:[조리사] 세명종합병원 병원급식 조리사 신입/경력 채용,경북 경산시,https://www.saramin.co.kr/zf_user/jobs/relay/view?view_type=search&rec_idx=54215297&location=ts&searchword=%EC%A1%B0%EB%A6%AC%EC%82%AC&searchType=search&paid_fl=n&search_uuid=ceb8090a-7891-45b7-9eb5-963617ab369b
110,"
                            (주)엔에프                        ",사람인 공고제목:(주)엔에프 단체급식 조리사 모집(본사/지점인력지원),충남 천안시 서북구,https://www.saramin.co.kr/zf_user/jobs/relay/view?view_type=search&rec_idx=54404747&location=ts&searchword=%EC%A1%B0%EB%A6%AC%EC%82%AC&searchType=search&paid_fl=n&search_uuid=ceb8090a-7891-45b7-9eb5-963617ab369b
111,"
                            한화푸드테크 주식회사                        ",사람인 공고제목:[한화푸드테크] 63F&B 조리사 인력 채용 공고(신입/경력),서울 영등포구,https://www.saramin.co.kr/zf_user/jobs/relay/view?view_type=search&rec_idx=54351402&location=ts&searchword=%EC%A1%B0%EB%A6%AC%EC%82%AC&searchType=search&paid_fl=n&search_uuid=ceb8090a-7891-45b7-9eb5-963617ab369b
112,"
                            씨마크서비스(주)                        ",사람인 공고제목:[HD현대/5성급]씨마크호텔 한식조리사 모집(정규직),강원 강릉시,https://www.saramin.co.kr/zf_user/jobs/relay/view?view_type=search&rec_idx=54227215&location=ts&searchword=%EC%A1%B0%EB%A6%AC%EC%82%AC&searchType=search&paid_fl=n&search_uuid=ceb8090a-7891-45b7-9eb5-963617ab369b
113,"
                            (의)인봉의료재단영등포병원                        ",사람인 공고제목:[(의)영등포병원] 의료기관 단체급식 조리사 채용,서울 영등포구,https://www.saramin.co.kr/zf_user/jobs/relay/view?view_type=search&rec_idx=54376740&location=ts&searchword=%EC%A1%B0%EB%A6%AC%EC%82%AC&searchType=search&paid_fl=n&search_uuid=ceb8090a-7891-45b7-9eb5-963617ab369b
114,"
                            (주)헤리티지산후조리원                        ",사람인 공고제목:조리팀 조리사 채용,서울 강남구,https://www.saramin.co.kr/zf_user/jobs/relay/view?view_type=search&rec_idx=54283138&location=ts&searchword=%EC%A1%B0%EB%A6%AC%EC%82%AC&searchType=search&paid_fl=n&search_uuid=ceb8090a-7891-45b7-9eb5-963617ab369b
115,"
                            주식회사 이룸스탭스                        ",사람인 공고제목:주5일/정규직/성과급] 군산CC 골프텔 홀/조리사/코스관리사,전북 군산시,https://www.saramin.co.kr/zf_user/jobs/relay/view?view_type=search&rec_idx=54301295&location=ts&searchword=%EC%A1%B0%EB%A6%AC%EC%82%AC&searchType=search&paid_fl=n&search_uuid=ceb8090a-7891-45b7-9eb5-963617ab369b
116,"
                            주식회사 이룸스탭스                        ",사람인 공고제목:[정규직/기숙사] 영천 오펠CC 홀서버/조리사/경기진행자(마샬),경북 영천시,https://www.saramin.co.kr/zf_user/jobs/relay/view?view_type=search&rec_idx=54322250&location=ts&searchword=%EC%A1%B0%EB%A6%AC%EC%82%AC&searchType=search&paid_fl=n&search_uuid=ceb8090a-7891-45b7-9eb5-963617ab369b
117,"
                            주식회사 이룸스탭스                        ",사람인 공고제목:정규직/주5일/성과급] 군산CC 골프텔 홀/조리사/코스관리,전북 군산시,https://www.saramin.co.kr/zf_user/jobs/relay/view?view_type=search&rec_idx=54380846&location=ts&searchword=%EC%A1%B0%EB%A6%AC%EC%82%AC&searchType=search&paid_fl=n&search_uuid=ceb8090a-7891-45b7-9eb5-963617ab369b
118,"
                            템프인(주)                        ",사람인 공고제목:[반포/~4700만/정규직] 대기업 소속 조리사 다수 채용,서울 서초구,https://www.saramin.co.kr/zf_user/jobs/relay/view?view_type=search&rec_idx=54219499&location=ts&searchword=%EC%A1%B0%EB%A6%AC%EC%82%AC&searchType=search&paid_fl=n&search_uuid=ceb8090a-7891-45b7-9eb5-963617ab369b
119,"
                            고메드갤러리아(주)                        ",사람인 공고제목:[고메드갤러리아] 영양사/조리사 경력사원 채용,서울 강남구,https://www.saramin.co.kr/zf_user/jobs/relay/view?view_type=search&rec_idx=54206997&location=ts&searchword=%EC%A1%B0%EB%A6%AC%EC%82%AC&searchType=search&paid_fl=n&search_uuid=ceb8090a-7891-45b7-9eb5-963617ab369b
120,"
                            (의)상보의료재단                        ","사람인 공고제목:대구경상병원 영양실 직원(조리사, 조리원) 구인합니다",대구 달서구,https://www.saramin.co.kr/zf_user/jobs/relay/view?view_type=search&rec_idx=54359926&location=ts&searchword=%EC%A1%B0%EB%A6%AC%EC%82%AC&searchType=search&paid_fl=n&search_uuid=ceb8090a-7891-45b7-9eb5-963617ab369b
121,"
                            (유)베스타                        ",사람인 공고제목:VESTA 프리미엄뷔페 직원급식(직원식당) 조리사 모집,대전 서구,https://www.saramin.co.kr/zf_user/jobs/relay/view?view_type=search&rec_idx=54384078&location=ts&searchword=%EC%A1%B0%EB%A6%AC%EC%82%AC&searchType=search&paid_fl=n&search_uuid=ceb8090a-7891-45b7-9eb5-963617ab369b
122,"
                            (주)파티트리                        ","사람인 공고제목:단체급식 신입, 경력 조리사 구함",부산 사상구,https://www.saramin.co.kr/zf_user/jobs/relay/view?view_type=search&rec_idx=54335803&location=ts&searchword=%EC%A1%B0%EB%A6%AC%EC%82%AC&searchType=search&paid_fl=n&search_uuid=ceb8090a-7891-45b7-9eb5-963617ab369b
123,"
                            (주)에이치앤포세카                        ",사람인 공고제목:[평택] 삼성물산 평택캠프 직원식당 조리사 채용(숙소제공),경기 평택시,https://www.saramin.co.kr/zf_user/jobs/relay/view?view_type=search&rec_idx=54389527&location=ts&searchword=%EC%A1%B0%EB%A6%AC%EC%82%AC&searchType=search&paid_fl=n&search_uuid=ceb8090a-7891-45b7-9eb5-963617ab369b
124,"
                            삼승텍스타일(주)                        ",사람인 공고제목:구내식당 조리사 모집합니다,경기 양주시,https://www.saramin.co.kr/zf_user/jobs/relay/view?view_type=search&rec_idx=54409650&location=ts&searchword=%EC%A1%B0%EB%A6%AC%EC%82%AC&searchType=search&paid_fl=n&search_uuid=ceb8090a-7891-45b7-9eb5-963617ab369b
125,"
                            의료법인롯데의료재단보바스병원                        ",사람인 공고제목:(의)롯데의료재단 보바스병원 영양팀 조리사 모집,경기 하남시,https://www.saramin.co.kr/zf_user/jobs/relay/view?view_type=search&rec_idx=54306759&location=ts&searchword=%EC%A1%B0%EB%A6%AC%EC%82%AC&searchType=search&paid_fl=n&search_uuid=ceb8090a-7891-45b7-9eb5-963617ab369b
126,"
                            CMKFOOD (주)씨엠케이푸드                        ",사람인 공고제목:(주)씨엠케이푸드 조리사 경력직 채용,대구 수성구,https://www.saramin.co.kr/zf_user/jobs/relay/view?view_type=search&rec_idx=54179125&location=ts&searchword=%EC%A1%B0%EB%A6%AC%EC%82%AC&searchType=search&paid_fl=n&search_uuid=ceb8090a-7891-45b7-9eb5-963617ab369b
127,"
                            한국설계기술주식회사                        ",사람인 공고제목:[식품제조부문] 조리사 및 조리보조 사원 모집,경남 통영시,https://www.saramin.co.kr/zf_user/jobs/relay/view?view_type=search&rec_idx=53872284&location=ts&searchword=%EC%A1%B0%EB%A6%AC%EC%82%AC&searchType=search&paid_fl=n&search_uuid=ceb8090a-7891-45b7-9eb5-963617ab369b
128,"
                            (주)아워홈                        ",사람인 공고제목:(주)아워홈 영업지원 조리사 채용 (광주),광주 북구,https://www.saramin.co.kr/zf_user/jobs/relay/view?view_type=search&rec_idx=54212537&location=ts&searchword=%EC%A1%B0%EB%A6%AC%EC%82%AC&searchType=search&paid_fl=n&search_uuid=ceb8090a-7891-45b7-9eb5-963617ab369b
129,"
                            해륜개발(주)                        ",사람인 공고제목:[유니아일랜드 더 스파빌] 호텔 레스토랑 조리사 채용,인천 강화군,https://www.saramin.co.kr/zf_user/jobs/relay/view?view_type=search&rec_idx=54192384&location=ts&searchword=%EC%A1%B0%EB%A6%AC%EC%82%AC&searchType=search&paid_fl=n&search_uuid=ceb8090a-7891-45b7-9eb5-963617ab369b
130,"
                            금호리조트(주)                        ",사람인 공고제목:[아시아나CC] 골프장 조리사(쉐프) 정규직 채용,경기 용인시 처인구,https://www.saramin.co.kr/zf_user/jobs/relay/view?view_type=search&rec_idx=54305481&location=ts&searchword=%EC%A1%B0%EB%A6%AC%EC%82%AC&searchType=search&paid_fl=n&search_uuid=ceb8090a-7891-45b7-9eb5-963617ab369b
131,"
                            (주)아워홈                        ",사람인 공고제목:아워홈 TAKE 뷔페 조리사·홀 서비스 상시 채용,서울 종로구,https://www.saramin.co.kr/zf_user/jobs/relay/view?view_type=search&rec_idx=54323889&location=ts&searchword=%EC%A1%B0%EB%A6%AC%EC%82%AC&searchType=search&paid_fl=n&search_uuid=ceb8090a-7891-45b7-9eb5-963617ab369b
132,"
                            (주)아워홈                        ",사람인 공고제목:(주)아워홈 카스카디아 조리사 / 조리원 / 홀 서비스 직원 채용,서울 강서구,https://www.saramin.co.kr/zf_user/jobs/relay/view?view_type=search&rec_idx=54389964&location=ts&searchword=%EC%A1%B0%EB%A6%AC%EC%82%AC&searchType=search&paid_fl=n&search_uuid=ceb8090a-7891-45b7-9eb5-963617ab369b
133,"
                            마라톤정형외과병원                        ",사람인 공고제목:구내식당 조리사 모십니다,대전 서구,https://www.saramin.co.kr/zf_user/jobs/relay/view?view_type=search&rec_idx=54418500&location=ts&searchword=%EC%A1%B0%EB%A6%AC%EC%82%AC&searchType=search&paid_fl=n&search_uuid=ceb8090a-7891-45b7-9eb5-963617ab369b
134,"
                            (주)따뜻한사람들                        ",사람인 공고제목:(주)따뜻한사람들 고메드갤러리아 영양사·조리사 채용,경기 광명시,https://www.saramin.co.kr/zf_user/jobs/relay/view?view_type=search&rec_idx=54219292&location=ts&searchword=%EC%A1%B0%EB%A6%AC%EC%82%AC&searchType=search&paid_fl=n&search_uuid=ceb8090a-7891-45b7-9eb5-963617ab369b
135,"
                            (주)한빛레이저                        ",사람인 공고제목:집단급식소(현재 약60명 내외) 조리사 및 조리보조 업무 담당,대전 유성구,https://www.saramin.co.kr/zf_user/jobs/relay/view?view_type=search&rec_idx=54359519&location=ts&searchword=%EC%A1%B0%EB%A6%AC%EC%82%AC&searchType=search&paid_fl=n&search_uuid=ceb8090a-7891-45b7-9eb5-963617ab369b
136,"
                            (사)새길재단                        ",사람인 공고제목:서면 새길병원 [조리사]를 채용합니다.,부산 부산진구,https://www.saramin.co.kr/zf_user/jobs/relay/view?view_type=search&rec_idx=54378371&location=ts&searchword=%EC%A1%B0%EB%A6%AC%EC%82%AC&searchType=search&paid_fl=n&search_uuid=ceb8090a-7891-45b7-9eb5-963617ab369b
137,"
                            (주)씨엠                        ",사람인 공고제목:[부산/지사동] 산업체 단체급식 조리사 구인 (씨엠푸드시스템),부산 강서구,https://www.saramin.co.kr/zf_user/jobs/relay/view?view_type=search&rec_idx=54403714&location=ts&searchword=%EC%A1%B0%EB%A6%AC%EC%82%AC&searchType=search&paid_fl=n&search_uuid=ceb8090a-7891-45b7-9eb5-963617ab369b
138,"
                            공립무안군노인전문요양병원                        ","사람인 공고제목:간호사, 간호조무사, 조리사, 간호행정(심사, QPS)",전남 무안군,https://www.saramin.co.kr/zf_user/jobs/relay/view?view_type=search&rec_idx=54268359&location=ts&searchword=%EC%A1%B0%EB%A6%AC%EC%82%AC&searchType=search&paid_fl=n&search_uuid=ceb8090a-7891-45b7-9eb5-963617ab369b
139,"
                            (주)에이프로코리아                        ",사람인 공고제목:(1인 기숙사)CJ프레시웨이 외식 식음료홀/조리사/조리원 모집,경북 포항시 북구,https://www.saramin.co.kr/zf_user/jobs/relay/view?view_type=search&rec_idx=54305471&location=ts&searchword=%EC%A1%B0%EB%A6%AC%EC%82%AC&searchType=search&paid_fl=n&search_uuid=ceb8090a-7891-45b7-9eb5-963617ab369b
140,"
                            (주)부농에프앤에스                        ",사람인 공고제목:조리사 채용공고(주5일근무/공휴일휴무),부산 강서구,https://www.saramin.co.kr/zf_user/jobs/relay/view?view_type=search&rec_idx=54308300&location=ts&searchword=%EC%A1%B0%EB%A6%AC%EC%82%AC&searchType=search&paid_fl=n&search_uuid=ceb8090a-7891-45b7-9eb5-963617ab369b
